bta-provisional id	provisional id	miRDeep2 score	estimated probability that the miRNA candidate is a true positive	rfam alert	total read count	mature read count	loop read count	star read count	significant randfold p-value	miRBase miRNA	example miRBase miRNA with the same seed	UCSC browser	NCBI blastn	consensus mature sequence	consensus star sequence	consensus precursor sequence	precursor coordinate
bta-chr28_4425	chr28_4425	5.1	85 +/- 36%	-	12	12	0	0	yes	-	cel-miR-4927	-	-	auggguuugggcuggguu	cuggguucgaaucccaaua	auggguuugggcuggguuugagucccagccauguggguuuaagucccaaacuggguuuuggcuggguucgaaucccaaua	chr28:25304892..25304972:-
bta-chr23_3703	chr23_3703	3	14 +/- 28%	-	7	7	0	0	yes	-	cpa-miR8150	-	-	gaaaccugacugaacuuuuuggu	caaaaaguucauuuggguuuuuc	caaaaaguucauuuggguuuuuccguaagaugguguggggaaaccugacugaacuuuuuggu	chr23:43158967..43159029:+
bta-chr1_158	chr1_158	2.5	19 +/- 28%	-	7	7	0	0	yes	-	bmo-miR-2769	-	-	auauauuaagcuguuugaugga	cauuaaacaucuuaauauauug	cauuaaacaucuuaauauauugaacacuagaccuauauauuaagcuguuugaugga	chr1:113974437..113974493:-
bta-chrX_6576	chrX_6576	2.4	19 +/- 28%	-	7	7	0	0	yes	-	cpa-miR8150	-	-	gaaaccugacugaacuuuuuggc	caaaaaguucacuggggaacagc	caaaaaguucacuggggaacagcuuauggaaaccugacugaacuuuuuggc	chrX:118468184..118468235:-
bta-chr12_894	chr12_894	0.7	69 +/- 10%	-	9	9	0	0	yes	-	-	-	-	aaagcaauagggucugugugu	acacagaaccauauuguuuuug	aaagcaauagggucugugugugugucugugugccuccccauucacacacagaaccauauuguuuuug	chr12:61092396..61092463:+
bta-chrX_6479	chrX_6479	0.6	69 +/- 10%	-	4	4	0	0	yes	-	dps-miR-2521	-	-	cauaauuuuuggaggcuuugugaa	cuggguaagccucggaagaaauauagg	cuggguaagccucggaagaaauauaggcugugcugcucauaauuuuuggaggcuuugugaa	chrX:137196425..137196486:+
bta-chrX_6475	chrX_6475	0.5	69 +/- 10%	-	4	4	0	0	yes	-	dps-miR-2521	-	-	cauaauuuuuggaggcuuugugaa	cuggcuaagccucggaagaaauauagg	cuggcuaagccucggaagaaauauaggcugugcugcucauaauuuuuggaggcuuugugaa	chrX:137177700..137177761:+
bta-chr5_5363	chr5_5363	0.4	69 +/- 10%	-	1	1	0	0	yes	-	cel-miR-1832b-3p	-	-	agugggcagcccgugaccuggacuc	gccaggggacugggggccaugga	agugggcagcccgugaccuggacucccagggcugggcuaggcccuguccuagggggccaggggacugggggccaugga	chr5:119848414..119848492:-
bta-chrX_6439	chrX_6439	0.4	69 +/- 10%	-	1	1	0	0	yes	-	gga-miR-1615	-	-	cggcagcugaggaggaggagc	uccucggacuuggcuggcu	uccucggacuuggcuggcuccggagcgcccucgccuggugggggagcccaggcggcggcagcugaggaggaggagc	chrX:91742108..91742184:+
bta-chr10_397	chr10_397	0.3	69 +/- 10%	-	2	1	0	1	yes	-	oan-miR-1376-3p	-	-	cagaaaguucauguagguuuuu	aaaaacccaaaugaacuuuuu	cagaaaguucauguagguuuuucuauagcaucuuauggaaaaacccaaaugaacuuuuu	chr10:12923798..12923857:-
bta-chr25_4070	chr25_4070	0.3	69 +/- 10%	-	3	3	0	0	yes	-	hsa-miR-6756-5p	-	-	cgggugggaagaggcggg	cgccugcuugcccgcccgcg	cgggugggaagaggcggguucuccuccgccugcuugcccgcccgcg	chr25:32460509..32460555:+
bta-chr9_6235	chr9_6235	0.3	69 +/- 10%	-	1	1	0	0	yes	-	mmu-miR-149-3p	-	-	gagggagggagauggggggug	cccuccuccuccuccuccuc	gagggagggagaugggggguggggggagggacccuccuccuccuccuccuc	chr9:100511747..100511798:-
bta-chr18_2378	chr18_2378	0.3	69 +/- 10%	-	1	1	0	0	yes	-	hsa-miR-1296-3p	-	-	cagugggggguugggacugggg	uuggucccagcccaccccuccc	cagugggggguugggacugggguuggugucuuggucccagcccaccccuccc	chr18:55114886..55114938:+
bta-chr11_669	chr11_669	0.2	69 +/- 10%	-	1	1	0	0	yes	-	hsa-miR-4512	-	-	cagggccugggugggggacaggg	caugggcacacccagggaccgug	caugggcacacccagggaccgugugaccugcauccgggaagguguggggcaggugcacagaggacagggccugggugggggacaggg	chr11:103208710..103208797:+
bta-chr2_2863	chr2_2863	0.2	69 +/- 10%	-	1	1	0	0	yes	-	mml-miR-1230	-	-	cuggguggggcagagggc	cuggaacccacgcaggg	cuggaacccacgcagggauggccagacucuggguggggcagagggc	chr2:127860580..127860626:+
bta-chr21_3362	chr21_3362	0.2	69 +/- 10%	-	2	2	0	0	yes	-	hsa-miR-4446-3p	-	-	cagggcugggagcgggga	ccugauaccaccuggau	ccugauaccaccuggaugagggaacagucucugucagcagggcugggagcgggga	chr21:14757660..14757715:-
bta-chr17_2214	chr17_2214	0.1	69 +/- 10%	-	1	1	0	0	yes	-	mml-miR-7203-3p	-	-	acgggacugggaggcaggg	aaauccccaguccuggcc	aaauccccaguccuggccaggguuaguccuggagccuuggaaggacgggacugggaggcaggg	chr17:67205452..67205515:-
bta-chr18_2374	chr18_2374	0.1	69 +/- 10%	-	1	1	0	0	yes	-	sma-miR-8420-3p	-	-	gaggaagaggacgaggaagagga	caggcuucagcuucuguucuuccucca	gaggaagaggacgaggaagaggaggggccucccagucccccaggcuucagcuucuguucuuccucca	chr18:53800900..53800967:+
bta-chrX_6561	chrX_6561	0.1	69 +/- 10%	-	1	1	0	0	yes	-	kshv-miR-K12-12-3p	-	-	ugggggaggggaggggcg	auaaucuucucuuucguc	ugggggaggggaggggcggugcgcgcaggcgaggguaccggguacccuagcugggugaauaaucuucucuuucguc	chrX:109951155..109951231:-
bta-chr18_2379	chr18_2379	0.1	69 +/- 10%	-	1	1	0	0	yes	-	mmu-miR-542-5p	-	-	uucggggacaccggggagggcug	ggaccgccucgugacccuggagg	ggaccgccucgugacccuggaggaguuccucgcauccacgcagaggaaggaguucggggacaccggggagggcug	chr18:55953513..55953588:+
bta-chr21_3026	chr21_3026	0.1	69 +/- 10%	-	1	1	0	0	yes	-	hsa-miR-676-3p	-	-	uuguccuacuucucagcugucu	auagcagaggaguaggaggaca	uuguccuacuucucagcugucuugacucccuaacaagauagcagaggaguaggaggaca	chr21:2296461..2296520:+
bta-chr17_2246	chr17_2246	0	69 +/- 10%	-	1	1	0	0	yes	-	sme-miR-2170	-	-	acagugaagcuggaggaca	uccccagcagcgucuuccugugu	uccccagcagcgucuuccuguguccccagaagcccagggugauggcaggcacagugaagcuggaggaca	chr17:71682748..71682817:-
bta-chr8_6111	chr8_6111	0	69 +/- 10%	-	1	1	0	0	yes	-	ptc-miR474a	-	-	gaaaaguucguuuggguuuuu	aaaucuaaaggaauuuuucag	gaaaaguucguuuggguuuuuccagaacaucuuauggaaaaaucuaaaggaauuuuucag	chr8:71787174..71787234:-
bta-chr15_1607	chr15_1607	0	69 +/- 10%	-	1	1	0	0	yes	-	oan-miR-1421p-5p	-	-	ugggggccuggggaguaggggc	uuucuuagggcuuggcu	ugggggccuggggaguaggggcaaggguuuaccagauggaaucccaggcuuucuuagggcuuggcu	chr15:76598222..76598288:-
bta-chr19_2625	chr19_2625	0	69 +/- 10%	-	1	1	0	0	yes	-	gga-miR-1791-5p	-	-	agggcugcucagggcgugugggc	ccucugcuguguucugcccucu	ccucugcuguguucugcccucuugcgaugcuguuuuggagggcugcucagggcgugugggc	chr19:56561836..56561897:+
bta-chr10_473	chr10_473	0	69 +/- 10%	-	4	4	0	0	yes	-	bdi-miR7726b-5p	-	-	uuugaugacuguuccuccuau	aggauuuuaggucaucauaaa	uuugaugacuguuccuccuauugccuucagaucuggcacuaggauuuuaggucaucauaaa	chr10:93638693..93638754:-
bta-chr14_1462	chr14_1462	0	69 +/- 10%	-	1	1	0	0	yes	-	hsa-miR-1266-3p	-	-	gccuguucucugguuuguacccuuu	agggaccuggggagggggcgu	agggaccuggggagggggcgugggguggggggaaacacccucugccuggccuguucucugguuuguacccuuu	chr14:30052106..30052179:-
bta-chr16_1848	chr16_1848	0	69 +/- 10%	-	1	1	0	0	yes	-	eca-miR-9141	-	-	ucugaguggaaugaaccgucugc	agacggucccuccucucgucagggg	agacggucccuccucucgucaggggaggaaggagacugagccuggugucucagcucuccgucuguccucugaguggaaugaaccgucugc	chr16:2586850..2586940:-
bta-chr11_673	chr11_673	0	69 +/- 10%	-	1	1	0	0	yes	-	mmu-miR-185-3p	-	-	aggggcugggaagggaugucaggg	aggagccaggacuuccuggccccuuu	aggagccaggacuuccuggccccuuuuuuggguguggaguggggagcuccgguccaggaaugaaggggcugggaagggaugucaggg	chr11:103220401..103220488:+
bta-chr13_1090	chr13_1090	0	69 +/- 10%	-	1	1	0	0	yes	-	oan-miR-1388-3p	-	-	uucucagguuggacaguccug	gggcugacaaaccugagauug	gggcugacaaaccugagauugucccuggaugcucaccauucucagguuggacaguccug	chr13:54375942..54376001:-
