#miRNA	read_count	precursor	total	F01	F02	F03	F01(norm)	F02(norm)	F03(norm)
bta-let-7a-5p	193.00	bta-let-7a-1	193.00	35.00	93.00	65.00	11554.97	26533.52	23372.89
bta-let-7a-3p	5.00	bta-let-7a-1	5.00	3.00	1.00	1.00	990.43	285.31	359.58
bta-let-7a-5p	192.00	bta-let-7a-2	192.00	35.00	93.00	64.00	11554.97	26533.52	23013.30
bta-let-7a-5p	191.00	bta-let-7a-3	191.00	35.00	92.00	64.00	11554.97	26248.22	23013.30
bta-let-7a-3p	5.00	bta-let-7a-3	5.00	3.00	1.00	1.00	990.43	285.31	359.58
bta-let-7b	9.00	bta-let-7b	9.00	6.00	3.00	0	1980.85	855.92	0
bta-let-7c	9.00	bta-let-7c	9.00	0	6.00	3.00	0	1711.84	1078.75
bta-let-7d	4.00	bta-let-7d	4.00	1.00	1.00	2.00	330.14	285.31	719.17
bta-let-7e	6.00	bta-let-7e	6.00	1.00	3.00	2.00	330.14	855.92	719.17
bta-let-7f	43.00	bta-let-7f-1	43.00	10.00	19.00	14.00	3301.42	5420.83	5034.16
bta-let-7f	46.00	bta-let-7f-2	46.00	12.00	19.00	15.00	3961.70	5420.83	5393.74
bta-let-7g	86.00	bta-let-7g	86.00	15.00	42.00	29.00	4952.13	11982.88	10427.90
bta-let-7i	37.00	bta-let-7i	37.00	17.00	12.00	8.00	5612.41	3423.68	2876.66
bta-miR-1	3.00	bta-mir-1-1	3.00	2.00	0	1.00	660.28	0	359.58
bta-miR-1	3.00	bta-mir-1-2	3.00	2.00	0	1.00	660.28	0	359.58
bta-miR-100	2674.00	bta-mir-100	2674.00	967.00	1051.00	656.00	319247.28	299857.35	235886.37
bta-miR-101	70.00	bta-mir-101-1	70.00	17.00	24.00	29.00	5612.41	6847.36	10427.90
bta-miR-101	75.00	bta-mir-101-2	75.00	19.00	26.00	30.00	6272.70	7417.97	10787.49
bta-miR-103	13.00	bta-mir-103-1	13.00	4.00	3.00	6.00	1320.57	855.92	2157.50
bta-miR-103	13.00	bta-mir-103-2	13.00	4.00	3.00	6.00	1320.57	855.92	2157.50
bta-miR-105a	0.00	bta-mir-105a	0.00	0	0	0	0	0	0
bta-miR-105b	0.00	bta-mir-105b	0.00	0	0	0	0	0	0
bta-miR-106a	0.00	bta-mir-106a	0.00	0	0	0	0	0	0
bta-miR-106b	2.00	bta-mir-106b	2.00	0	1.00	1.00	0	285.31	359.58
bta-miR-107	0.00	bta-mir-107	0.00	0	0	0	0	0	0
bta-miR-10a	30.00	bta-mir-10a	30.00	20.00	6.00	4.00	6602.84	1711.84	1438.33
bta-miR-10b	31.00	bta-mir-10b	31.00	11.00	11.00	9.00	3631.56	3138.37	3236.25
bta-miR-1179	0.00	bta-mir-1179	0.00	0	0	0	0	0	0
bta-miR-1185	0.00	bta-mir-1185	0.00	0	0	0	0	0	0
bta-miR-1193	0.00	bta-mir-1193	0.00	0	0	0	0	0	0
bta-miR-1197	0.00	bta-mir-1197	0.00	0	0	0	0	0	0
bta-miR-122	21.00	bta-mir-122	21.00	5.00	11.00	5.00	1650.71	3138.37	1797.91
bta-miR-1224	0.00	bta-mir-1224	0.00	0	0	0	0	0	0
bta-miR-1225-3p	0.00	bta-mir-1225	0.00	0	0	0	0	0	0
bta-miR-1246	93.00	bta-mir-1246	93.00	35.00	26.00	32.00	11554.97	7417.97	11506.65
bta-miR-1247-5p	0.00	bta-mir-1247	0.00	0	0	0	0	0	0
bta-miR-1247-3p	0.00	bta-mir-1247	0.00	0	0	0	0	0	0
bta-miR-1248	0.00	bta-mir-1248-1	0.00	0	0	0	0	0	0
bta-miR-1248	0.00	bta-mir-1248-2	0.00	0	0	0	0	0	0
bta-miR-1249	0.00	bta-mir-1249	0.00	0	0	0	0	0	0
bta-miR-124a	0.00	bta-mir-124a-1	0.00	0	0	0	0	0	0
bta-miR-124b	0.00	bta-mir-124a-1	0.00	0	0	0	0	0	0
bta-miR-124a	0.00	bta-mir-124a-2	0.00	0	0	0	0	0	0
bta-miR-124b	0.00	bta-mir-124a-2	0.00	0	0	0	0	0	0
bta-miR-124a	0.00	bta-mir-124b	0.00	0	0	0	0	0	0
bta-miR-124b	0.00	bta-mir-124b	0.00	0	0	0	0	0	0
bta-miR-1251	0.00	bta-mir-1251	0.00	0	0	0	0	0	0
bta-miR-1256	0.00	bta-mir-1256	0.00	0	0	0	0	0	0
bta-miR-125a	0.00	bta-mir-125a	0.00	0	0	0	0	0	0
bta-miR-125b	47.00	bta-mir-125b-1	47.00	10.00	22.00	15.00	3301.42	6276.75	5393.74
bta-miR-125b	46.00	bta-mir-125b-2	46.00	9.00	22.00	15.00	2971.28	6276.75	5393.74
bta-miR-126-5p	0.00	bta-mir-126	0.00	0	0	0	0	0	0
bta-miR-126-3p	0.00	bta-mir-126	0.00	0	0	0	0	0	0
bta-miR-1260b	0.00	bta-mir-1260b	0.00	0	0	0	0	0	0
bta-miR-127	0.00	bta-mir-127	0.00	0	0	0	0	0	0
bta-miR-1271	0.00	bta-mir-1271	0.00	0	0	0	0	0	0
bta-miR-1277	0.00	bta-mir-1277	0.00	0	0	0	0	0	0
bta-miR-128	41.00	bta-mir-128-1	41.00	12.00	15.00	14.00	3961.70	4279.60	5034.16
bta-miR-128	14.00	bta-mir-128-2	14.00	5.00	4.00	5.00	1650.71	1141.23	1797.91
bta-miR-1281	0.00	bta-mir-1281	0.00	0	0	0	0	0	0
bta-miR-1282	0.00	bta-mir-1282	0.00	0	0	0	0	0	0
bta-miR-1284	0.00	bta-mir-1284	0.00	0	0	0	0	0	0
bta-miR-1287	0.00	bta-mir-1287	0.00	0	0	0	0	0	0
bta-miR-129	0.00	bta-mir-129-1	0.00	0	0	0	0	0	0
bta-miR-129-5p	0.00	bta-mir-129-1	0.00	0	0	0	0	0	0
bta-miR-129	0.00	bta-mir-129-2	0.00	0	0	0	0	0	0
bta-miR-129-5p	0.00	bta-mir-129-2	0.00	0	0	0	0	0	0
bta-miR-129-3p	0.00	bta-mir-129-2	0.00	0	0	0	0	0	0
bta-miR-1291	0.00	bta-mir-1291	0.00	0	0	0	0	0	0
bta-miR-1296	0.00	bta-mir-1296	0.00	0	0	0	0	0	0
bta-miR-1298	0.00	bta-mir-1298	0.00	0	0	0	0	0	0
bta-miR-1301	0.00	bta-mir-1301	0.00	0	0	0	0	0	0
bta-miR-1306	1.00	bta-mir-1306	1.00	1.00	0	0	330.14	0	0
bta-miR-1307	0.00	bta-mir-1307	0.00	0	0	0	0	0	0
bta-miR-130a	0.00	bta-mir-130a	0.00	0	0	0	0	0	0
bta-miR-130b	0.00	bta-mir-130b	0.00	0	0	0	0	0	0
bta-miR-132	11.00	bta-mir-132	11.00	3.00	4.00	4.00	990.43	1141.23	1438.33
bta-miR-133a	0.00	bta-mir-133a-1	0.00	0	0	0	0	0	0
bta-miR-133a	0.00	bta-mir-133a-2	0.00	0	0	0	0	0	0
bta-miR-133b	0.00	bta-mir-133b	0.00	0	0	0	0	0	0
bta-miR-133c	0.00	bta-mir-133c	0.00	0	0	0	0	0	0
bta-miR-134	1.00	bta-mir-134	1.00	0	1.00	0	0	285.31	0
bta-miR-1343-5p	0.00	bta-mir-1343	0.00	0	0	0	0	0	0
bta-miR-1343-3p	0.00	bta-mir-1343	0.00	0	0	0	0	0	0
bta-miR-135a	2.00	bta-mir-135a-1	2.00	0	1.00	1.00	0	285.31	359.58
bta-miR-135a	2.00	bta-mir-135a-2	2.00	0	1.00	1.00	0	285.31	359.58
bta-miR-135b	0.00	bta-mir-135b	0.00	0	0	0	0	0	0
bta-miR-136	0.00	bta-mir-136	0.00	0	0	0	0	0	0
bta-miR-137	0.00	bta-mir-137	0.00	0	0	0	0	0	0
bta-miR-138	0.00	bta-mir-138-1	0.00	0	0	0	0	0	0
bta-miR-138	0.00	bta-mir-138-2	0.00	0	0	0	0	0	0
bta-miR-1388-5p	0.00	bta-mir-1388	0.00	0	0	0	0	0	0
bta-miR-1388-3p	0.00	bta-mir-1388	0.00	0	0	0	0	0	0
bta-miR-139	7.00	bta-mir-139	7.00	1.00	3.00	3.00	330.14	855.92	1078.75
bta-miR-140	6.00	bta-mir-140	6.00	3.00	1.00	2.00	990.43	285.31	719.17
bta-miR-141	0.00	bta-mir-141	0.00	0	0	0	0	0	0
bta-miR-142-5p	0.00	bta-mir-142	0.00	0	0	0	0	0	0
bta-miR-142-3p	0.00	bta-mir-142	0.00	0	0	0	0	0	0
bta-miR-143	0.00	bta-mir-143	0.00	0	0	0	0	0	0
bta-miR-1434-5p	0.00	bta-mir-1434	0.00	0	0	0	0	0	0
bta-miR-1434-3p	0.00	bta-mir-1434	0.00	0	0	0	0	0	0
bta-miR-144	0.00	bta-mir-144	0.00	0	0	0	0	0	0
bta-miR-145	0.00	bta-mir-145	0.00	0	0	0	0	0	0
bta-miR-1468	0.00	bta-mir-1468	0.00	0	0	0	0	0	0
bta-miR-146a	53.00	bta-mir-146a	53.00	17.00	13.00	23.00	5612.41	3708.99	8270.41
bta-miR-146b	61.00	bta-mir-146b	61.00	18.00	23.00	20.00	5942.56	6562.05	7191.66
bta-miR-147	0.00	bta-mir-147	0.00	0	0	0	0	0	0
bta-miR-148a	338.00	bta-mir-148a	338.00	164.00	115.00	59.00	54143.28	32810.27	21215.39
bta-miR-148b	17.00	bta-mir-148b	17.00	9.00	3.00	5.00	2971.28	855.92	1797.91
bta-miR-149-5p	0.00	bta-mir-149	0.00	0	0	0	0	0	0
bta-miR-149-3p	0.00	bta-mir-149	0.00	0	0	0	0	0	0
bta-miR-150	1.00	bta-mir-150	1.00	0	1.00	0	0	285.31	0
bta-miR-151-5p	2.00	bta-mir-151	2.00	2.00	0	0	660.28	0	0
bta-miR-151-3p	33.00	bta-mir-151	33.00	9.00	13.00	11.00	2971.28	3708.99	3955.41
bta-miR-152	5.00	bta-mir-152	5.00	3.00	1.00	1.00	990.43	285.31	359.58
bta-miR-153	0.00	bta-mir-153-1	0.00	0	0	0	0	0	0
bta-miR-153	0.00	bta-mir-153-2	0.00	0	0	0	0	0	0
bta-miR-154a	0.00	bta-mir-154a	0.00	0	0	0	0	0	0
bta-miR-154b	0.00	bta-mir-154b	0.00	0	0	0	0	0	0
bta-miR-154c	0.00	bta-mir-154c	0.00	0	0	0	0	0	0
bta-miR-155	0.00	bta-mir-155	0.00	0	0	0	0	0	0
bta-miR-1584-5p	0.00	bta-mir-1584	0.00	0	0	0	0	0	0
bta-miR-1584-3p	0.00	bta-mir-1584	0.00	0	0	0	0	0	0
bta-miR-15a	0.00	bta-mir-15a	0.00	0	0	0	0	0	0
bta-miR-15b	5.00	bta-mir-15b	5.00	3.00	1.00	1.00	990.43	285.31	359.58
bta-miR-1603	0.00	bta-mir-1603	0.00	0	0	0	0	0	0
bta-miR-16a	16.00	bta-mir-16a	16.00	7.00	5.00	4.00	2310.99	1426.53	1438.33
bta-miR-16b	26.00	bta-mir-16b	26.00	10.00	8.00	8.00	3301.42	2282.45	2876.66
bta-miR-17-5p	8.00	bta-mir-17	8.00	1.00	3.00	4.00	330.14	855.92	1438.33
bta-miR-17-3p	0.00	bta-mir-17	0.00	0	0	0	0	0	0
bta-miR-1721	0.00	bta-mir-1721	0.00	0	0	0	0	0	0
bta-miR-1777a	0.00	bta-mir-1777a	0.00	0	0	0	0	0	0
bta-miR-1777b	0.00	bta-mir-1777b	0.00	0	0	0	0	0	0
bta-miR-1814a	0.00	bta-mir-1814a	0.00	0	0	0	0	0	0
bta-miR-1814b	0.00	bta-mir-1814b	0.00	0	0	0	0	0	0
bta-miR-1814c	0.00	bta-mir-1814c	0.00	0	0	0	0	0	0
bta-miR-181a	1.00	bta-mir-181a-1	1.00	0	0	1.00	0	0	359.58
bta-miR-181a	1.00	bta-mir-181a-2	1.00	0	0	1.00	0	0	359.58
bta-miR-181b	0.00	bta-mir-181b-1	0.00	0	0	0	0	0	0
bta-miR-181b	0.00	bta-mir-181b-2	0.00	0	0	0	0	0	0
bta-miR-181c	0.00	bta-mir-181c	0.00	0	0	0	0	0	0
bta-miR-181d	1.00	bta-mir-181d	1.00	0	0	1.00	0	0	359.58
bta-miR-182	4.00	bta-mir-182	4.00	0	0	4.00	0	0	1438.33
bta-miR-183	3.00	bta-mir-183	3.00	2.00	1.00	0	660.28	285.31	0
bta-miR-1835	0.00	bta-mir-1835	0.00	0	0	0	0	0	0
bta-miR-1839	16.00	bta-mir-1839	16.00	6.00	5.00	5.00	1980.85	1426.53	1797.91
bta-miR-184	6.00	bta-mir-184	6.00	1.00	2.00	3.00	330.14	570.61	1078.75
bta-miR-1842	0.00	bta-mir-1842	0.00	0	0	0	0	0	0
bta-miR-1843	0.00	bta-mir-1843	0.00	0	0	0	0	0	0
bta-miR-185	0.00	bta-mir-185	0.00	0	0	0	0	0	0
bta-miR-186	73.00	bta-mir-186	73.00	16.00	26.00	31.00	5282.27	7417.97	11147.07
bta-miR-187	0.00	bta-mir-187	0.00	0	0	0	0	0	0
bta-miR-188	0.00	bta-mir-188	0.00	0	0	0	0	0	0
bta-miR-18a	0.00	bta-mir-18a	0.00	0	0	0	0	0	0
bta-miR-18b	0.00	bta-mir-18b	0.00	0	0	0	0	0	0
bta-miR-190a	0.00	bta-mir-190a	0.00	0	0	0	0	0	0
bta-miR-190b	6.00	bta-mir-190b	6.00	3.00	0	3.00	990.43	0	1078.75
bta-miR-191	230.00	bta-mir-191	230.00	63.00	99.00	68.00	20798.94	28245.36	24451.64
bta-miR-192	40.00	bta-mir-192	40.00	11.00	18.00	11.00	3631.56	5135.52	3955.41
bta-miR-193a-5p	0.00	bta-mir-193a	0.00	0	0	0	0	0	0
bta-miR-193a-3p	0.00	bta-mir-193a	0.00	0	0	0	0	0	0
bta-miR-193a	0.00	bta-mir-193a-2	0.00	0	0	0	0	0	0
bta-miR-193b	0.00	bta-mir-193b	0.00	0	0	0	0	0	0
bta-miR-194	2.00	bta-mir-194-1	2.00	0	0	2.00	0	0	719.17
bta-miR-194	2.00	bta-mir-194-2	2.00	0	0	2.00	0	0	719.17
bta-miR-195	1.00	bta-mir-195	1.00	0	1.00	0	0	285.31	0
bta-miR-196a	1.00	bta-mir-196a-1	1.00	0	1.00	0	0	285.31	0
bta-miR-196a	1.00	bta-mir-196a-2	1.00	0	1.00	0	0	285.31	0
bta-miR-196b	0.00	bta-mir-196b	0.00	0	0	0	0	0	0
bta-miR-197	0.00	bta-mir-197	0.00	0	0	0	0	0	0
bta-miR-199a-5p	0.00	bta-mir-199a-1	0.00	0	0	0	0	0	0
bta-miR-199a-3p	0.00	bta-mir-199a-1	0.00	0	0	0	0	0	0
bta-miR-199c	0.00	bta-mir-199a-1	0.00	0	0	0	0	0	0
bta-miR-199a-5p	0.00	bta-mir-199a-2	0.00	0	0	0	0	0	0
bta-miR-199a-3p	0.00	bta-mir-199a-2	0.00	0	0	0	0	0	0
bta-miR-199c	0.00	bta-mir-199a-2	0.00	0	0	0	0	0	0
bta-miR-199a-3p	0.00	bta-mir-199b	0.00	0	0	0	0	0	0
bta-miR-199b	0.00	bta-mir-199b	0.00	0	0	0	0	0	0
bta-miR-199c	0.00	bta-mir-199b	0.00	0	0	0	0	0	0
bta-miR-199c	0.00	bta-mir-199c	0.00	0	0	0	0	0	0
bta-miR-19a	2.00	bta-mir-19a	2.00	0	2.00	0	0	570.61	0
bta-miR-19b	4.00	bta-mir-19b	4.00	1.00	1.00	2.00	330.14	285.31	719.17
bta-miR-19b	4.00	bta-mir-19b-2	4.00	1.00	1.00	2.00	330.14	285.31	719.17
bta-miR-200a	42.00	bta-mir-200a	42.00	14.00	11.00	17.00	4621.99	3138.37	6112.91
bta-miR-200b	16.00	bta-mir-200b	16.00	3.00	7.00	6.00	990.43	1997.15	2157.50
bta-miR-200c	3.00	bta-mir-200c	3.00	1.00	1.00	1.00	330.14	285.31	359.58
bta-miR-202	1.00	bta-mir-202	1.00	0	0	1.00	0	0	359.58
bta-miR-204	128.00	bta-mir-204	128.00	20.00	72.00	36.00	6602.84	20542.08	12944.98
bta-miR-205	0.00	bta-mir-205	0.00	0	0	0	0	0	0
bta-miR-206	0.00	bta-mir-206	0.00	0	0	0	0	0	0
bta-miR-208a	0.00	bta-mir-208a	0.00	0	0	0	0	0	0
bta-miR-208b	0.00	bta-mir-208b	0.00	0	0	0	0	0	0
bta-miR-20a	33.00	bta-mir-20a	33.00	5.00	14.00	14.00	1650.71	3994.29	5034.16
bta-miR-20b	0.00	bta-mir-20b	0.00	0	0	0	0	0	0
bta-miR-21-5p	577.00	bta-mir-21	577.00	172.00	222.00	183.00	56784.42	63338.09	65803.67
bta-miR-21-3p	0.00	bta-mir-21	0.00	0	0	0	0	0	0
bta-miR-210	0.00	bta-mir-210	0.00	0	0	0	0	0	0
bta-miR-211	12.00	bta-mir-211	12.00	2.00	5.00	5.00	660.28	1426.53	1797.91
bta-miR-212	2.00	bta-mir-212	2.00	1.00	0	1.00	330.14	0	359.58
bta-miR-214	0.00	bta-mir-214	0.00	0	0	0	0	0	0
bta-miR-215	0.00	bta-mir-215	0.00	0	0	0	0	0	0
bta-miR-216a	0.00	bta-mir-216a	0.00	0	0	0	0	0	0
bta-miR-216b	4.00	bta-mir-216b	4.00	2.00	2.00	0	660.28	570.61	0
bta-miR-217	0.00	bta-mir-217	0.00	0	0	0	0	0	0
bta-miR-218	0.00	bta-mir-218-1	0.00	0	0	0	0	0	0
bta-miR-218	0.00	bta-mir-218-2	0.00	0	0	0	0	0	0
bta-miR-219-5p	0.00	bta-mir-219-1	0.00	0	0	0	0	0	0
bta-miR-219-3p	0.00	bta-mir-219-1	0.00	0	0	0	0	0	0
bta-miR-219	0.00	bta-mir-219-2	0.00	0	0	0	0	0	0
bta-miR-22-5p	0.00	bta-mir-22	0.00	0	0	0	0	0	0
bta-miR-22-3p	60.00	bta-mir-22	60.00	16.00	21.00	23.00	5282.27	5991.44	8270.41
bta-miR-221	0.00	bta-mir-221	0.00	0	0	0	0	0	0
bta-miR-222	0.00	bta-mir-222	0.00	0	0	0	0	0	0
bta-miR-223	0.00	bta-mir-223	0.00	0	0	0	0	0	0
bta-miR-224	0.00	bta-mir-224	0.00	0	0	0	0	0	0
bta-miR-2284a	1.00	bta-mir-2284a	1.00	0	0	1.00	0	0	359.58
bta-miR-2284aa	0.00	bta-mir-2284aa-1	0.00	0	0	0	0	0	0
bta-miR-2284aa	0.00	bta-mir-2284aa-2	0.00	0	0	0	0	0	0
bta-miR-2284aa	0.00	bta-mir-2284aa-3	0.00	0	0	0	0	0	0
bta-miR-2284aa	0.00	bta-mir-2284aa-4	0.00	0	0	0	0	0	0
bta-miR-2284ab	0.00	bta-mir-2284ab	0.00	0	0	0	0	0	0
bta-miR-2284ac	0.00	bta-mir-2284ac	0.00	0	0	0	0	0	0
bta-miR-2284b	0.00	bta-mir-2284b	0.00	0	0	0	0	0	0
bta-miR-2284c	0.00	bta-mir-2284c	0.00	0	0	0	0	0	0
bta-miR-2284d	0.00	bta-mir-2284d	0.00	0	0	0	0	0	0
bta-miR-2284e	0.00	bta-mir-2284e	0.00	0	0	0	0	0	0
bta-miR-2284f	0.00	bta-mir-2284f	0.00	0	0	0	0	0	0
bta-miR-2284e	0.00	bta-mir-2284f	0.00	0	0	0	0	0	0
bta-miR-2284g	0.00	bta-mir-2284g	0.00	0	0	0	0	0	0
bta-miR-2284h-5p	1.00	bta-mir-2284h	1.00	0	1.00	0	0	285.31	0
bta-miR-2284h-3p	0.00	bta-mir-2284h	0.00	0	0	0	0	0	0
bta-miR-2284i	0.00	bta-mir-2284i	0.00	0	0	0	0	0	0
bta-miR-2284j	2.00	bta-mir-2284j	2.00	0	0	2.00	0	0	719.17
bta-miR-2284k	1.00	bta-mir-2284k	1.00	0	1.00	0	0	285.31	0
bta-miR-2284l	0.00	bta-mir-2284l	0.00	0	0	0	0	0	0
bta-miR-2284m	3.00	bta-mir-2284m	3.00	0	1.00	2.00	0	285.31	719.17
bta-miR-2284n	0.00	bta-mir-2284n	0.00	0	0	0	0	0	0
bta-miR-2284o	0.00	bta-mir-2284o	0.00	0	0	0	0	0	0
bta-miR-2284p	0.00	bta-mir-2284p	0.00	0	0	0	0	0	0
bta-miR-2284q	0.00	bta-mir-2284q	0.00	0	0	0	0	0	0
bta-miR-2284r	0.00	bta-mir-2284r	0.00	0	0	0	0	0	0
bta-miR-2284s	0.00	bta-mir-2284s	0.00	0	0	0	0	0	0
bta-miR-2284t-5p	0.00	bta-mir-2284t	0.00	0	0	0	0	0	0
bta-miR-2284t-3p	0.00	bta-mir-2284t	0.00	0	0	0	0	0	0
bta-miR-2284u	0.00	bta-mir-2284u	0.00	0	0	0	0	0	0
bta-miR-2284v	0.00	bta-mir-2284v	0.00	0	0	0	0	0	0
bta-miR-2284w	0.00	bta-mir-2284w	0.00	0	0	0	0	0	0
bta-miR-2284x	388.00	bta-mir-2284x	388.00	137.00	114.00	137.00	45229.45	32524.96	49262.86
bta-miR-2284y	388.00	bta-mir-2284x	388.00	137.00	114.00	137.00	45229.45	32524.96	49262.86
bta-miR-2284y	13.00	bta-mir-2284y-1	13.00	2.00	7.00	4.00	660.28	1997.15	1438.33
bta-miR-2284y	14.00	bta-mir-2284y-2	14.00	2.00	8.00	4.00	660.28	2282.45	1438.33
bta-miR-2284y	13.00	bta-mir-2284y-3	13.00	2.00	7.00	4.00	660.28	1997.15	1438.33
bta-miR-2284h-5p	13.00	bta-mir-2284y-4	13.00	2.00	7.00	4.00	660.28	1997.15	1438.33
bta-miR-2284y	13.00	bta-mir-2284y-4	13.00	2.00	7.00	4.00	660.28	1997.15	1438.33
bta-miR-2284y	14.00	bta-mir-2284y-5	14.00	2.00	8.00	4.00	660.28	2282.45	1438.33
bta-miR-2284y	13.00	bta-mir-2284y-6	13.00	2.00	7.00	4.00	660.28	1997.15	1438.33
bta-miR-2284y	13.00	bta-mir-2284y-7	13.00	2.00	7.00	4.00	660.28	1997.15	1438.33
bta-miR-2284z	2.00	bta-mir-2284z-1	2.00	1.00	0	1.00	330.14	0	359.58
bta-miR-2284aa	2.00	bta-mir-2284z-1	2.00	1.00	0	1.00	330.14	0	359.58
bta-miR-2284z	2.00	bta-mir-2284z-2	2.00	1.00	0	1.00	330.14	0	359.58
bta-miR-2284aa	2.00	bta-mir-2284z-2	2.00	1.00	0	1.00	330.14	0	359.58
bta-miR-2284z	0.00	bta-mir-2284z-3	0.00	0	0	0	0	0	0
bta-miR-2284aa	0.00	bta-mir-2284z-3	0.00	0	0	0	0	0	0
bta-miR-2284z	2.00	bta-mir-2284z-4	2.00	1.00	0	1.00	330.14	0	359.58
bta-miR-2284aa	2.00	bta-mir-2284z-4	2.00	1.00	0	1.00	330.14	0	359.58
bta-miR-2284z	0.00	bta-mir-2284z-5	0.00	0	0	0	0	0	0
bta-miR-2284aa	0.00	bta-mir-2284z-5	0.00	0	0	0	0	0	0
bta-miR-2284z	0.00	bta-mir-2284z-6	0.00	0	0	0	0	0	0
bta-miR-2284aa	0.00	bta-mir-2284z-6	0.00	0	0	0	0	0	0
bta-miR-2284z	0.00	bta-mir-2284z-7	0.00	0	0	0	0	0	0
bta-miR-2284aa	0.00	bta-mir-2284z-7	0.00	0	0	0	0	0	0
bta-miR-2285a	0.00	bta-mir-2285a	0.00	0	0	0	0	0	0
bta-miR-2285aa	0.00	bta-mir-2285aa	0.00	0	0	0	0	0	0
bta-miR-2285ab	0.00	bta-mir-2285ab	0.00	0	0	0	0	0	0
bta-miR-2285ac	0.00	bta-mir-2285ac	0.00	0	0	0	0	0	0
bta-miR-2285ad	1.00	bta-mir-2285ad	1.00	0	0	1.00	0	0	359.58
bta-miR-2285ae	0.00	bta-mir-2285ae	0.00	0	0	0	0	0	0
bta-miR-2285af	0.00	bta-mir-2285af-1	0.00	0	0	0	0	0	0
bta-miR-2285af	0.00	bta-mir-2285af-2	0.00	0	0	0	0	0	0
bta-miR-2285b	6.00	bta-mir-2285b-1	6.00	1.00	3.00	2.00	330.14	855.92	719.17
bta-miR-2285b	6.00	bta-mir-2285b-2	6.00	1.00	3.00	2.00	330.14	855.92	719.17
bta-miR-2285c	0.00	bta-mir-2285c	0.00	0	0	0	0	0	0
bta-miR-2285d	0.00	bta-mir-2285d	0.00	0	0	0	0	0	0
bta-miR-2285e	1.00	bta-mir-2285e-1	1.00	0	0	1.00	0	0	359.58
bta-miR-2285e	2.00	bta-mir-2285e-2	2.00	0	1.00	1.00	0	285.31	359.58
bta-miR-2285f	4.00	bta-mir-2285f-1	4.00	1.00	2.00	1.00	330.14	570.61	359.58
bta-miR-2285f	4.00	bta-mir-2285f-2	4.00	1.00	2.00	1.00	330.14	570.61	359.58
bta-miR-2285g	0.00	bta-mir-2285g-1	0.00	0	0	0	0	0	0
bta-miR-2285g	0.00	bta-mir-2285g-2	0.00	0	0	0	0	0	0
bta-miR-2285g	0.00	bta-mir-2285g-3	0.00	0	0	0	0	0	0
bta-miR-2285h	0.00	bta-mir-2285h	0.00	0	0	0	0	0	0
bta-miR-2285i	0.00	bta-mir-2285i	0.00	0	0	0	0	0	0
bta-miR-2285j	0.00	bta-mir-2285j-1	0.00	0	0	0	0	0	0
bta-miR-2285j	0.00	bta-mir-2285j-2	0.00	0	0	0	0	0	0
bta-miR-2285k	0.00	bta-mir-2285k-1	0.00	0	0	0	0	0	0
bta-miR-2285k	0.00	bta-mir-2285k-2	0.00	0	0	0	0	0	0
bta-miR-2285k	0.00	bta-mir-2285k-3	0.00	0	0	0	0	0	0
bta-miR-2285k	0.00	bta-mir-2285k-4	0.00	0	0	0	0	0	0
bta-miR-2285k	0.00	bta-mir-2285k-5	0.00	0	0	0	0	0	0
bta-miR-2285l	0.00	bta-mir-2285l	0.00	0	0	0	0	0	0
bta-miR-2285m	1.00	bta-mir-2285m-1	1.00	0	0	1.00	0	0	359.58
bta-miR-2285m	0.00	bta-mir-2285m-2	0.00	0	0	0	0	0	0
bta-miR-2285m	1.00	bta-mir-2285m-3	1.00	0	0	1.00	0	0	359.58
bta-miR-2285m	1.00	bta-mir-2285m-4	1.00	0	0	1.00	0	0	359.58
bta-miR-2285m	0.00	bta-mir-2285m-5	0.00	0	0	0	0	0	0
bta-miR-2285n	0.00	bta-mir-2285n-1	0.00	0	0	0	0	0	0
bta-miR-2285n	0.00	bta-mir-2285n-2	0.00	0	0	0	0	0	0
bta-miR-2285n	0.00	bta-mir-2285n-3	0.00	0	0	0	0	0	0
bta-miR-2285n	0.00	bta-mir-2285n-4	0.00	0	0	0	0	0	0
bta-miR-2285n	0.00	bta-mir-2285n-5	0.00	0	0	0	0	0	0
bta-miR-2285n	0.00	bta-mir-2285n-6	0.00	0	0	0	0	0	0
bta-miR-2285n	1.00	bta-mir-2285n-7	1.00	1.00	0	0	330.14	0	0
bta-miR-2285o	0.00	bta-mir-2285o-1	0.00	0	0	0	0	0	0
bta-miR-2285o	0.00	bta-mir-2285o-2	0.00	0	0	0	0	0	0
bta-miR-2285o	0.00	bta-mir-2285o-3	0.00	0	0	0	0	0	0
bta-miR-2285u	0.00	bta-mir-2285o-3	0.00	0	0	0	0	0	0
bta-miR-2285o	0.00	bta-mir-2285o-4	0.00	0	0	0	0	0	0
bta-miR-2285o	0.00	bta-mir-2285o-5	0.00	0	0	0	0	0	0
bta-miR-2285p	0.00	bta-mir-2285p	0.00	0	0	0	0	0	0
bta-miR-2285q	1.00	bta-mir-2285q	1.00	1.00	0	0	330.14	0	0
bta-miR-2285r	0.00	bta-mir-2285r	0.00	0	0	0	0	0	0
bta-miR-2285s	0.00	bta-mir-2285s	0.00	0	0	0	0	0	0
bta-miR-2285t	0.00	bta-mir-2285t	0.00	0	0	0	0	0	0
bta-miR-2285u	0.00	bta-mir-2285u	0.00	0	0	0	0	0	0
bta-miR-2285v	2.00	bta-mir-2285v	2.00	2.00	0	0	660.28	0	0
bta-miR-2285w	0.00	bta-mir-2285w	0.00	0	0	0	0	0	0
bta-miR-2285x	0.00	bta-mir-2285x	0.00	0	0	0	0	0	0
bta-miR-2285y	0.00	bta-mir-2285y	0.00	0	0	0	0	0	0
bta-miR-2285f	2.00	bta-mir-2285z	2.00	1.00	1.00	0	330.14	285.31	0
bta-miR-2285z	0.00	bta-mir-2285z	0.00	0	0	0	0	0	0
bta-miR-2286	0.00	bta-mir-2286	0.00	0	0	0	0	0	0
bta-miR-2287	0.00	bta-mir-2287	0.00	0	0	0	0	0	0
bta-miR-2288	0.00	bta-mir-2288	0.00	0	0	0	0	0	0
bta-miR-2289	0.00	bta-mir-2289	0.00	0	0	0	0	0	0
bta-miR-2290	0.00	bta-mir-2290	0.00	0	0	0	0	0	0
bta-miR-2291	0.00	bta-mir-2291	0.00	0	0	0	0	0	0
bta-miR-2292	0.00	bta-mir-2292	0.00	0	0	0	0	0	0
bta-miR-2293	0.00	bta-mir-2293	0.00	0	0	0	0	0	0
bta-miR-2294	0.00	bta-mir-2294	0.00	0	0	0	0	0	0
bta-miR-2295	0.00	bta-mir-2295	0.00	0	0	0	0	0	0
bta-miR-2296	0.00	bta-mir-2296	0.00	0	0	0	0	0	0
bta-miR-2297	0.00	bta-mir-2297	0.00	0	0	0	0	0	0
bta-miR-2298	0.00	bta-mir-2298	0.00	0	0	0	0	0	0
bta-miR-2299-5p	0.00	bta-mir-2299	0.00	0	0	0	0	0	0
bta-miR-2299-3p	0.00	bta-mir-2299	0.00	0	0	0	0	0	0
bta-miR-2300a-5p	0.00	bta-mir-2300a	0.00	0	0	0	0	0	0
bta-miR-2300b-3p	0.00	bta-mir-2300b	0.00	0	0	0	0	0	0
bta-miR-2301	0.00	bta-mir-2301	0.00	0	0	0	0	0	0
bta-miR-2302	0.00	bta-mir-2302	0.00	0	0	0	0	0	0
bta-miR-2303	0.00	bta-mir-2303	0.00	0	0	0	0	0	0
bta-miR-2304	0.00	bta-mir-2304	0.00	0	0	0	0	0	0
bta-miR-2305	0.00	bta-mir-2305	0.00	0	0	0	0	0	0
bta-miR-2306	0.00	bta-mir-2306	0.00	0	0	0	0	0	0
bta-miR-2307	0.00	bta-mir-2307	0.00	0	0	0	0	0	0
bta-miR-2308	0.00	bta-mir-2308	0.00	0	0	0	0	0	0
bta-miR-2309	0.00	bta-mir-2309	0.00	0	0	0	0	0	0
bta-miR-2310	0.00	bta-mir-2310	0.00	0	0	0	0	0	0
bta-miR-2311	0.00	bta-mir-2311	0.00	0	0	0	0	0	0
bta-miR-2312	0.00	bta-mir-2312	0.00	0	0	0	0	0	0
bta-miR-2313-5p	0.00	bta-mir-2313	0.00	0	0	0	0	0	0
bta-miR-2313-3p	0.00	bta-mir-2313	0.00	0	0	0	0	0	0
bta-miR-2314	0.00	bta-mir-2314	0.00	0	0	0	0	0	0
bta-miR-2315	0.00	bta-mir-2315	0.00	0	0	0	0	0	0
bta-miR-2316	0.00	bta-mir-2316	0.00	0	0	0	0	0	0
bta-miR-2317	0.00	bta-mir-2317	0.00	0	0	0	0	0	0
bta-miR-2318	0.00	bta-mir-2318	0.00	0	0	0	0	0	0
bta-miR-2319a	0.00	bta-mir-2319a	0.00	0	0	0	0	0	0
bta-miR-2319b	0.00	bta-mir-2319a	0.00	0	0	0	0	0	0
bta-miR-2319b	0.00	bta-mir-2319b	0.00	0	0	0	0	0	0
bta-miR-2320-5p	0.00	bta-mir-2320	0.00	0	0	0	0	0	0
bta-miR-2320-3p	0.00	bta-mir-2320	0.00	0	0	0	0	0	0
bta-miR-2321	0.00	bta-mir-2321	0.00	0	0	0	0	0	0
bta-miR-2322-5p	0.00	bta-mir-2322	0.00	0	0	0	0	0	0
bta-miR-2322-3p	0.00	bta-mir-2322	0.00	0	0	0	0	0	0
bta-miR-2323	0.00	bta-mir-2323	0.00	0	0	0	0	0	0
bta-miR-2324	0.00	bta-mir-2324	0.00	0	0	0	0	0	0
bta-miR-2325a	0.00	bta-mir-2325a	0.00	0	0	0	0	0	0
bta-miR-2325b	0.00	bta-mir-2325b	0.00	0	0	0	0	0	0
bta-miR-2325c	0.00	bta-mir-2325c	0.00	0	0	0	0	0	0
bta-miR-2326	0.00	bta-mir-2326	0.00	0	0	0	0	0	0
bta-miR-2327	0.00	bta-mir-2327	0.00	0	0	0	0	0	0
bta-miR-2328-5p	0.00	bta-mir-2328	0.00	0	0	0	0	0	0
bta-miR-2328-3p	0.00	bta-mir-2328	0.00	0	0	0	0	0	0
bta-miR-2329-3p	0.00	bta-mir-2329-1	0.00	0	0	0	0	0	0
bta-miR-2329-5p	0.00	bta-mir-2329-1	0.00	0	0	0	0	0	0
bta-miR-2329-3p	0.00	bta-mir-2329-2	0.00	0	0	0	0	0	0
bta-miR-2329-5p	0.00	bta-mir-2329-2	0.00	0	0	0	0	0	0
bta-miR-2330-5p	0.00	bta-mir-2330	0.00	0	0	0	0	0	0
bta-miR-2330-3p	0.00	bta-mir-2330	0.00	0	0	0	0	0	0
bta-miR-2331-5p	0.00	bta-mir-2331	0.00	0	0	0	0	0	0
bta-miR-2331-3p	0.00	bta-mir-2331	0.00	0	0	0	0	0	0
bta-miR-2332	0.00	bta-mir-2332	0.00	0	0	0	0	0	0
bta-miR-2333	0.00	bta-mir-2333	0.00	0	0	0	0	0	0
bta-miR-2334	0.00	bta-mir-2334	0.00	0	0	0	0	0	0
bta-miR-2335	0.00	bta-mir-2335	0.00	0	0	0	0	0	0
bta-miR-2336	3.00	bta-mir-2336	3.00	1.00	0	2.00	330.14	0	719.17
bta-miR-2337	0.00	bta-mir-2337	0.00	0	0	0	0	0	0
bta-miR-2338	0.00	bta-mir-2338	0.00	0	0	0	0	0	0
bta-miR-2339	0.00	bta-mir-2339	0.00	0	0	0	0	0	0
bta-miR-2340	0.00	bta-mir-2340	0.00	0	0	0	0	0	0
bta-miR-2341	0.00	bta-mir-2341	0.00	0	0	0	0	0	0
bta-miR-2342	0.00	bta-mir-2342	0.00	0	0	0	0	0	0
bta-miR-2343	0.00	bta-mir-2343	0.00	0	0	0	0	0	0
bta-miR-2344	0.00	bta-mir-2344	0.00	0	0	0	0	0	0
bta-miR-2345	0.00	bta-mir-2345	0.00	0	0	0	0	0	0
bta-miR-2346	0.00	bta-mir-2346	0.00	0	0	0	0	0	0
bta-miR-2347	0.00	bta-mir-2347	0.00	0	0	0	0	0	0
bta-miR-2348	0.00	bta-mir-2348	0.00	0	0	0	0	0	0
bta-miR-2349	0.00	bta-mir-2349	0.00	0	0	0	0	0	0
bta-miR-2350	0.00	bta-mir-2350	0.00	0	0	0	0	0	0
bta-miR-2351	0.00	bta-mir-2351	0.00	0	0	0	0	0	0
bta-miR-2352	0.00	bta-mir-2352	0.00	0	0	0	0	0	0
bta-miR-2353	0.00	bta-mir-2353	0.00	0	0	0	0	0	0
bta-miR-2354	0.00	bta-mir-2354	0.00	0	0	0	0	0	0
bta-miR-2355-5p	0.00	bta-mir-2355	0.00	0	0	0	0	0	0
bta-miR-2355-3p	0.00	bta-mir-2355	0.00	0	0	0	0	0	0
bta-miR-2356	0.00	bta-mir-2356	0.00	0	0	0	0	0	0
bta-miR-2357	0.00	bta-mir-2357	0.00	0	0	0	0	0	0
bta-miR-2358	0.00	bta-mir-2358	0.00	0	0	0	0	0	0
bta-miR-2359	0.00	bta-mir-2359	0.00	0	0	0	0	0	0
bta-miR-2360	0.00	bta-mir-2360	0.00	0	0	0	0	0	0
bta-miR-2361	0.00	bta-mir-2361	0.00	0	0	0	0	0	0
bta-miR-2362	0.00	bta-mir-2362	0.00	0	0	0	0	0	0
bta-miR-2363	0.00	bta-mir-2363-1	0.00	0	0	0	0	0	0
bta-miR-2363	0.00	bta-mir-2363-2	0.00	0	0	0	0	0	0
bta-miR-2364	0.00	bta-mir-2364	0.00	0	0	0	0	0	0
bta-miR-2365	0.00	bta-mir-2365	0.00	0	0	0	0	0	0
bta-miR-2366	0.00	bta-mir-2366	0.00	0	0	0	0	0	0
bta-miR-2367-5p	0.00	bta-mir-2367	0.00	0	0	0	0	0	0
bta-miR-2367-3p	0.00	bta-mir-2367	0.00	0	0	0	0	0	0
bta-miR-2368-5p	0.00	bta-mir-2368	0.00	0	0	0	0	0	0
bta-miR-2368-3p	0.00	bta-mir-2368	0.00	0	0	0	0	0	0
bta-miR-2369	0.00	bta-mir-2369	0.00	0	0	0	0	0	0
bta-miR-2370-5p	0.00	bta-mir-2370	0.00	0	0	0	0	0	0
bta-miR-2370-3p	0.00	bta-mir-2370	0.00	0	0	0	0	0	0
bta-miR-2371	0.00	bta-mir-2371	0.00	0	0	0	0	0	0
bta-miR-2372	0.00	bta-mir-2372	0.00	0	0	0	0	0	0
bta-miR-2373-5p	0.00	bta-mir-2373	0.00	0	0	0	0	0	0
bta-miR-2373-3p	0.00	bta-mir-2373	0.00	0	0	0	0	0	0
bta-miR-2374	0.00	bta-mir-2374	0.00	0	0	0	0	0	0
bta-miR-2375	0.00	bta-mir-2375	0.00	0	0	0	0	0	0
bta-miR-2376	0.00	bta-mir-2376	0.00	0	0	0	0	0	0
bta-miR-2377	0.00	bta-mir-2377	0.00	0	0	0	0	0	0
bta-miR-2378	0.00	bta-mir-2378	0.00	0	0	0	0	0	0
bta-miR-2379	0.00	bta-mir-2379	0.00	0	0	0	0	0	0
bta-miR-2380	0.00	bta-mir-2380	0.00	0	0	0	0	0	0
bta-miR-2381	0.00	bta-mir-2381	0.00	0	0	0	0	0	0
bta-miR-2382-5p	0.00	bta-mir-2382	0.00	0	0	0	0	0	0
bta-miR-2382-3p	0.00	bta-mir-2382	0.00	0	0	0	0	0	0
bta-miR-2383	0.00	bta-mir-2383	0.00	0	0	0	0	0	0
bta-miR-2384	0.00	bta-mir-2384	0.00	0	0	0	0	0	0
bta-miR-2385-5p	0.00	bta-mir-2385	0.00	0	0	0	0	0	0
bta-miR-2385-3p	0.00	bta-mir-2385	0.00	0	0	0	0	0	0
bta-miR-2386	0.00	bta-mir-2386	0.00	0	0	0	0	0	0
bta-miR-2387	0.00	bta-mir-2387	0.00	0	0	0	0	0	0
bta-miR-2388-5p	0.00	bta-mir-2388	0.00	0	0	0	0	0	0
bta-miR-2388-3p	0.00	bta-mir-2388	0.00	0	0	0	0	0	0
bta-miR-2389	0.00	bta-mir-2389	0.00	0	0	0	0	0	0
bta-miR-2390	0.00	bta-mir-2390	0.00	0	0	0	0	0	0
bta-miR-2392	0.00	bta-mir-2392	0.00	0	0	0	0	0	0
bta-miR-2393	0.00	bta-mir-2393	0.00	0	0	0	0	0	0
bta-miR-2394	0.00	bta-mir-2394	0.00	0	0	0	0	0	0
bta-miR-2395	0.00	bta-mir-2395	0.00	0	0	0	0	0	0
bta-miR-2396	0.00	bta-mir-2396	0.00	0	0	0	0	0	0
bta-miR-2397-5p	0.00	bta-mir-2397	0.00	0	0	0	0	0	0
bta-miR-2397-3p	0.00	bta-mir-2397	0.00	0	0	0	0	0	0
bta-miR-2398	0.00	bta-mir-2398	0.00	0	0	0	0	0	0
bta-miR-2399-5p	0.00	bta-mir-2399	0.00	0	0	0	0	0	0
bta-miR-2399-3p	0.00	bta-mir-2399	0.00	0	0	0	0	0	0
bta-miR-23a	4.00	bta-mir-23a	4.00	2.00	2.00	0	660.28	570.61	0
bta-miR-23b-5p	0.00	bta-mir-23b	0.00	0	0	0	0	0	0
bta-miR-23b-3p	1.00	bta-mir-23b	1.00	1.00	0	0	330.14	0	0
bta-miR-24-3p	3.00	bta-mir-24-1	3.00	0	2.00	1.00	0	570.61	359.58
bta-miR-24	1.00	bta-mir-24-1	1.00	0	0	1.00	0	0	359.58
bta-miR-24-3p	3.00	bta-mir-24-2	3.00	0	2.00	1.00	0	570.61	359.58
bta-miR-2400	0.00	bta-mir-2400	0.00	0	0	0	0	0	0
bta-miR-2401	0.00	bta-mir-2401	0.00	0	0	0	0	0	0
bta-miR-2402	0.00	bta-mir-2402	0.00	0	0	0	0	0	0
bta-miR-2403	0.00	bta-mir-2403	0.00	0	0	0	0	0	0
bta-miR-2404	0.00	bta-mir-2404-1	0.00	0	0	0	0	0	0
bta-miR-2404	0.00	bta-mir-2404-2	0.00	0	0	0	0	0	0
bta-miR-2405	0.00	bta-mir-2405	0.00	0	0	0	0	0	0
bta-miR-2406	0.00	bta-mir-2406	0.00	0	0	0	0	0	0
bta-miR-2407	0.00	bta-mir-2407	0.00	0	0	0	0	0	0
bta-miR-2408	0.00	bta-mir-2408	0.00	0	0	0	0	0	0
bta-miR-2409	0.00	bta-mir-2409	0.00	0	0	0	0	0	0
bta-miR-2410	0.00	bta-mir-2410	0.00	0	0	0	0	0	0
bta-miR-2411-5p	0.00	bta-mir-2411	0.00	0	0	0	0	0	0
bta-miR-2411-3p	0.00	bta-mir-2411	0.00	0	0	0	0	0	0
bta-miR-2412	0.00	bta-mir-2412	0.00	0	0	0	0	0	0
bta-miR-2413	0.00	bta-mir-2413	0.00	0	0	0	0	0	0
bta-miR-2414	0.00	bta-mir-2414	0.00	0	0	0	0	0	0
bta-miR-2415-5p	0.00	bta-mir-2415	0.00	0	0	0	0	0	0
bta-miR-2415-3p	0.00	bta-mir-2415	0.00	0	0	0	0	0	0
bta-miR-2416	0.00	bta-mir-2416	0.00	0	0	0	0	0	0
bta-miR-2417	0.00	bta-mir-2417	0.00	0	0	0	0	0	0
bta-miR-2418	0.00	bta-mir-2418	0.00	0	0	0	0	0	0
bta-miR-2419-5p	0.00	bta-mir-2419	0.00	0	0	0	0	0	0
bta-miR-2419-3p	0.00	bta-mir-2419	0.00	0	0	0	0	0	0
bta-miR-2420	0.00	bta-mir-2420	0.00	0	0	0	0	0	0
bta-miR-2421	0.00	bta-mir-2421	0.00	0	0	0	0	0	0
bta-miR-2422	0.00	bta-mir-2422	0.00	0	0	0	0	0	0
bta-miR-2423	0.00	bta-mir-2423	0.00	0	0	0	0	0	0
bta-miR-2424	0.00	bta-mir-2424	0.00	0	0	0	0	0	0
bta-miR-2425-5p	0.00	bta-mir-2425	0.00	0	0	0	0	0	0
bta-miR-2425-3p	0.00	bta-mir-2425	0.00	0	0	0	0	0	0
bta-miR-2426	0.00	bta-mir-2426	0.00	0	0	0	0	0	0
bta-miR-2427	0.00	bta-mir-2427	0.00	0	0	0	0	0	0
bta-miR-2428	0.00	bta-mir-2428	0.00	0	0	0	0	0	0
bta-miR-2429	0.00	bta-mir-2429	0.00	0	0	0	0	0	0
bta-miR-2430	0.00	bta-mir-2430	0.00	0	0	0	0	0	0
bta-miR-2431-5p	0.00	bta-mir-2431	0.00	0	0	0	0	0	0
bta-miR-2431-3p	0.00	bta-mir-2431	0.00	0	0	0	0	0	0
bta-miR-2432	0.00	bta-mir-2432	0.00	0	0	0	0	0	0
bta-miR-2433	0.00	bta-mir-2433	0.00	0	0	0	0	0	0
bta-miR-2434	0.00	bta-mir-2434	0.00	0	0	0	0	0	0
bta-miR-2435	2.00	bta-mir-2435	2.00	0	2.00	0	0	570.61	0
bta-miR-2436-5p	0.00	bta-mir-2436	0.00	0	0	0	0	0	0
bta-miR-2436-3p	0.00	bta-mir-2436	0.00	0	0	0	0	0	0
bta-miR-2437	0.00	bta-mir-2437	0.00	0	0	0	0	0	0
bta-miR-2438	0.00	bta-mir-2438	0.00	0	0	0	0	0	0
bta-miR-2439-5p	0.00	bta-mir-2439	0.00	0	0	0	0	0	0
bta-miR-2439-3p	0.00	bta-mir-2439	0.00	0	0	0	0	0	0
bta-miR-2440	0.00	bta-mir-2440	0.00	0	0	0	0	0	0
bta-miR-2441	0.00	bta-mir-2441	0.00	0	0	0	0	0	0
bta-miR-2442	0.00	bta-mir-2442	0.00	0	0	0	0	0	0
bta-miR-2443	0.00	bta-mir-2443	0.00	0	0	0	0	0	0
bta-miR-2444	0.00	bta-mir-2444	0.00	0	0	0	0	0	0
bta-miR-2446	0.00	bta-mir-2446	0.00	0	0	0	0	0	0
bta-miR-2447	0.00	bta-mir-2447	0.00	0	0	0	0	0	0
bta-miR-2448-5p	0.00	bta-mir-2448	0.00	0	0	0	0	0	0
bta-miR-2448-3p	0.00	bta-mir-2448	0.00	0	0	0	0	0	0
bta-miR-2449	0.00	bta-mir-2449	0.00	0	0	0	0	0	0
bta-miR-2450a	0.00	bta-mir-2450a	0.00	0	0	0	0	0	0
bta-miR-2450b	0.00	bta-mir-2450b	0.00	0	0	0	0	0	0
bta-miR-2450c	0.00	bta-mir-2450c	0.00	0	0	0	0	0	0
bta-miR-2450d	0.00	bta-mir-2450d	0.00	0	0	0	0	0	0
bta-miR-2451	0.00	bta-mir-2451	0.00	0	0	0	0	0	0
bta-miR-2452	0.00	bta-mir-2452	0.00	0	0	0	0	0	0
bta-miR-2453	0.00	bta-mir-2453	0.00	0	0	0	0	0	0
bta-miR-2454-5p	0.00	bta-mir-2454	0.00	0	0	0	0	0	0
bta-miR-2454-3p	0.00	bta-mir-2454	0.00	0	0	0	0	0	0
bta-miR-2455	0.00	bta-mir-2455	0.00	0	0	0	0	0	0
bta-miR-2456	0.00	bta-mir-2456	0.00	0	0	0	0	0	0
bta-miR-2457	0.00	bta-mir-2457	0.00	0	0	0	0	0	0
bta-miR-2458	0.00	bta-mir-2458	0.00	0	0	0	0	0	0
bta-miR-2459	0.00	bta-mir-2459	0.00	0	0	0	0	0	0
bta-miR-2460	0.00	bta-mir-2460	0.00	0	0	0	0	0	0
bta-miR-2461-5p	0.00	bta-mir-2461	0.00	0	0	0	0	0	0
bta-miR-2461-3p	0.00	bta-mir-2461	0.00	0	0	0	0	0	0
bta-miR-2462	0.00	bta-mir-2462	0.00	0	0	0	0	0	0
bta-miR-2463	0.00	bta-mir-2463	0.00	0	0	0	0	0	0
bta-miR-2464-5p	0.00	bta-mir-2464	0.00	0	0	0	0	0	0
bta-miR-2464-3p	0.00	bta-mir-2464	0.00	0	0	0	0	0	0
bta-miR-2465	0.00	bta-mir-2465	0.00	0	0	0	0	0	0
bta-miR-2466-5p	0.00	bta-mir-2466	0.00	0	0	0	0	0	0
bta-miR-2466-3p	0.00	bta-mir-2466	0.00	0	0	0	0	0	0
bta-miR-2467-5p	0.00	bta-mir-2467	0.00	0	0	0	0	0	0
bta-miR-2467-3p	0.00	bta-mir-2467	0.00	0	0	0	0	0	0
bta-miR-2468	0.00	bta-mir-2468	0.00	0	0	0	0	0	0
bta-miR-2469	0.00	bta-mir-2469	0.00	0	0	0	0	0	0
bta-miR-2470	0.00	bta-mir-2470	0.00	0	0	0	0	0	0
bta-miR-2471-5p	0.00	bta-mir-2471	0.00	0	0	0	0	0	0
bta-miR-2471-3p	0.00	bta-mir-2471	0.00	0	0	0	0	0	0
bta-miR-2472	0.00	bta-mir-2472	0.00	0	0	0	0	0	0
bta-miR-2473	0.00	bta-mir-2473	0.00	0	0	0	0	0	0
bta-miR-2474	0.00	bta-mir-2474	0.00	0	0	0	0	0	0
bta-miR-2475	0.00	bta-mir-2475	0.00	0	0	0	0	0	0
bta-miR-2477	0.00	bta-mir-2477	0.00	0	0	0	0	0	0
bta-miR-2478	0.00	bta-mir-2478	0.00	0	0	0	0	0	0
bta-miR-2479	0.00	bta-mir-2479	0.00	0	0	0	0	0	0
bta-miR-2480	0.00	bta-mir-2480	0.00	0	0	0	0	0	0
bta-miR-2481	0.00	bta-mir-2481	0.00	0	0	0	0	0	0
bta-miR-2482	0.00	bta-mir-2482	0.00	0	0	0	0	0	0
bta-miR-2483-5p	1.00	bta-mir-2483	1.00	1.00	0	0	330.14	0	0
bta-miR-2483-3p	0.00	bta-mir-2483	0.00	0	0	0	0	0	0
bta-miR-2484	0.00	bta-mir-2484	0.00	0	0	0	0	0	0
bta-miR-2485	0.00	bta-mir-2485	0.00	0	0	0	0	0	0
bta-miR-2486-5p	0.00	bta-mir-2486	0.00	0	0	0	0	0	0
bta-miR-2486-3p	0.00	bta-mir-2486	0.00	0	0	0	0	0	0
bta-miR-2488	0.00	bta-mir-2488	0.00	0	0	0	0	0	0
bta-miR-2489	0.00	bta-mir-2489	0.00	0	0	0	0	0	0
bta-miR-25	56.00	bta-mir-25	56.00	17.00	27.00	12.00	5612.41	7703.28	4314.99
bta-miR-26a	22.00	bta-mir-26a-1	22.00	5.00	7.00	10.00	1650.71	1997.15	3595.83
bta-miR-26a	22.00	bta-mir-26a-2	22.00	5.00	7.00	10.00	1650.71	1997.15	3595.83
bta-miR-26b	0.00	bta-mir-26b	0.00	0	0	0	0	0	0
bta-miR-26c	0.00	bta-mir-26c	0.00	0	0	0	0	0	0
bta-miR-27a-5p	0.00	bta-mir-27a	0.00	0	0	0	0	0	0
bta-miR-27a-3p	27.00	bta-mir-27a	27.00	5.00	14.00	8.00	1650.71	3994.29	2876.66
bta-miR-27b	69.00	bta-mir-27b	69.00	13.00	26.00	30.00	4291.85	7417.97	10787.49
bta-miR-28	0.00	bta-mir-28	0.00	0	0	0	0	0	0
bta-miR-2881	0.00	bta-mir-2881	0.00	0	0	0	0	0	0
bta-miR-2882	0.00	bta-mir-2882	0.00	0	0	0	0	0	0
bta-miR-2883	0.00	bta-mir-2883	0.00	0	0	0	0	0	0
bta-miR-2885	0.00	bta-mir-2885	0.00	0	0	0	0	0	0
bta-miR-2886	0.00	bta-mir-2886	0.00	0	0	0	0	0	0
bta-miR-2887	0.00	bta-mir-2887-1	0.00	0	0	0	0	0	0
bta-miR-2887	0.00	bta-mir-2887-2	0.00	0	0	0	0	0	0
bta-miR-2888	0.00	bta-mir-2888-1	0.00	0	0	0	0	0	0
bta-miR-2888	0.00	bta-mir-2888-2	0.00	0	0	0	0	0	0
bta-miR-2889	0.00	bta-mir-2889	0.00	0	0	0	0	0	0
bta-miR-2890	0.00	bta-mir-2890	0.00	0	0	0	0	0	0
bta-miR-2891	0.00	bta-mir-2891	0.00	0	0	0	0	0	0
bta-miR-2892	0.00	bta-mir-2892	0.00	0	0	0	0	0	0
bta-miR-2893	0.00	bta-mir-2893	0.00	0	0	0	0	0	0
bta-miR-2894	0.00	bta-mir-2894	0.00	0	0	0	0	0	0
bta-miR-2895	0.00	bta-mir-2895	0.00	0	0	0	0	0	0
bta-miR-2896	0.00	bta-mir-2896	0.00	0	0	0	0	0	0
bta-miR-2897	0.00	bta-mir-2897	0.00	0	0	0	0	0	0
bta-miR-2898	0.00	bta-mir-2898	0.00	0	0	0	0	0	0
bta-miR-2899	0.00	bta-mir-2899	0.00	0	0	0	0	0	0
bta-miR-2900	0.00	bta-mir-2900	0.00	0	0	0	0	0	0
bta-miR-2901	0.00	bta-mir-2901	0.00	0	0	0	0	0	0
bta-miR-2902	0.00	bta-mir-2902	0.00	0	0	0	0	0	0
bta-miR-2903	0.00	bta-mir-2903	0.00	0	0	0	0	0	0
bta-miR-2904	0.00	bta-mir-2904-1	0.00	0	0	0	0	0	0
bta-miR-2904	0.00	bta-mir-2904-2	0.00	0	0	0	0	0	0
bta-miR-2904	0.00	bta-mir-2904-3	0.00	0	0	0	0	0	0
bta-miR-2917	0.00	bta-mir-2917	0.00	0	0	0	0	0	0
bta-miR-2957	0.00	bta-mir-2957	0.00	0	0	0	0	0	0
bta-miR-296-5p	1.00	bta-mir-296	1.00	0	0	1.00	0	0	359.58
bta-miR-296-3p	0.00	bta-mir-296	0.00	0	0	0	0	0	0
bta-miR-299	0.00	bta-mir-299	0.00	0	0	0	0	0	0
bta-miR-29a	7.00	bta-mir-29a	7.00	3.00	2.00	2.00	990.43	570.61	719.17
bta-miR-29b	0.00	bta-mir-29b-1	0.00	0	0	0	0	0	0
bta-miR-29b	0.00	bta-mir-29b-2	0.00	0	0	0	0	0	0
bta-miR-29c	0.00	bta-mir-29c	0.00	0	0	0	0	0	0
bta-miR-29d-5p	1.00	bta-mir-29c	1.00	0	0	1.00	0	0	359.58
bta-miR-29d-5p	1.00	bta-mir-29d	1.00	0	0	1.00	0	0	359.58
bta-miR-29d-3p	1.00	bta-mir-29d	1.00	0	0	1.00	0	0	359.58
bta-miR-29e	0.00	bta-mir-29e	0.00	0	0	0	0	0	0
bta-miR-301a	0.00	bta-mir-301a	0.00	0	0	0	0	0	0
bta-miR-301b	0.00	bta-mir-301b	0.00	0	0	0	0	0	0
bta-miR-302a	0.00	bta-mir-302a	0.00	0	0	0	0	0	0
bta-miR-302d	0.00	bta-mir-302a	0.00	0	0	0	0	0	0
bta-miR-302d	0.00	bta-mir-302b	0.00	0	0	0	0	0	0
bta-miR-302b	0.00	bta-mir-302b	0.00	0	0	0	0	0	0
bta-miR-302c	0.00	bta-mir-302c	0.00	0	0	0	0	0	0
bta-miR-302d	0.00	bta-mir-302d	0.00	0	0	0	0	0	0
bta-miR-3064	0.00	bta-mir-3064	0.00	0	0	0	0	0	0
bta-miR-30a-5p	32.00	bta-mir-30a	32.00	15.00	6.00	11.00	4952.13	1711.84	3955.41
bta-miR-30b-5p	20.00	bta-mir-30b	20.00	5.00	14.00	1.00	1650.71	3994.29	359.58
bta-miR-30b-3p	0.00	bta-mir-30b	0.00	0	0	0	0	0	0
bta-miR-30c	26.00	bta-mir-30c	26.00	8.00	12.00	6.00	2641.14	3423.68	2157.50
bta-miR-30d	152.00	bta-mir-30d	152.00	41.00	57.00	54.00	13535.82	16262.48	19417.48
bta-miR-30e-5p	41.00	bta-mir-30e	41.00	10.00	12.00	19.00	3301.42	3423.68	6832.07
bta-miR-30f	0.00	bta-mir-30f	0.00	0	0	0	0	0	0
bta-miR-31	0.00	bta-mir-31	0.00	0	0	0	0	0	0
bta-miR-3120	0.00	bta-mir-3120	0.00	0	0	0	0	0	0
bta-miR-3141	0.00	bta-mir-3141	0.00	0	0	0	0	0	0
bta-miR-3154	0.00	bta-mir-3154	0.00	0	0	0	0	0	0
bta-miR-32	1.00	bta-mir-32	1.00	1.00	0	0	330.14	0	0
bta-miR-320a	4.00	bta-mir-320a-1	4.00	1.00	1.00	2.00	330.14	285.31	719.17
bta-miR-320a	4.00	bta-mir-320a-2	4.00	1.00	1.00	2.00	330.14	285.31	719.17
bta-miR-320b	0.00	bta-mir-320b	0.00	0	0	0	0	0	0
bta-miR-323	1.00	bta-mir-323	1.00	0	0	1.00	0	0	359.58
bta-miR-324	0.00	bta-mir-324	0.00	0	0	0	0	0	0
bta-miR-326	0.00	bta-mir-326	0.00	0	0	0	0	0	0
bta-miR-328	0.00	bta-mir-328	0.00	0	0	0	0	0	0
bta-miR-329a	0.00	bta-mir-329a	0.00	0	0	0	0	0	0
bta-miR-329b	0.00	bta-mir-329b	0.00	0	0	0	0	0	0
bta-miR-330	0.00	bta-mir-330	0.00	0	0	0	0	0	0
bta-miR-331-5p	1.00	bta-mir-331	1.00	1.00	0	0	330.14	0	0
bta-miR-331-3p	0.00	bta-mir-331	0.00	0	0	0	0	0	0
bta-miR-335	2.00	bta-mir-335	2.00	0	1.00	1.00	0	285.31	359.58
bta-miR-338	0.00	bta-mir-338	0.00	0	0	0	0	0	0
bta-miR-339a	1.00	bta-mir-339a	1.00	0	1.00	0	0	285.31	0
bta-miR-339b	1.00	bta-mir-339a	1.00	0	1.00	0	0	285.31	0
bta-miR-339b	0.00	bta-mir-339b	0.00	0	0	0	0	0	0
bta-miR-33a	0.00	bta-mir-33a	0.00	0	0	0	0	0	0
bta-miR-33b	0.00	bta-mir-33b	0.00	0	0	0	0	0	0
bta-miR-340	3.00	bta-mir-340	3.00	0	2.00	1.00	0	570.61	359.58
bta-miR-342	5.00	bta-mir-342	5.00	2.00	2.00	1.00	660.28	570.61	359.58
bta-miR-3431	2.00	bta-mir-3431	2.00	1.00	0	1.00	330.14	0	359.58
bta-miR-3432a	48.00	bta-mir-3432a-1	48.00	14.00	20.00	14.00	4621.99	5706.13	5034.16
bta-miR-3432a	49.00	bta-mir-3432a-2	49.00	14.00	20.00	15.00	4621.99	5706.13	5393.74
bta-miR-3432b	1.00	bta-mir-3432b	1.00	0	0	1.00	0	0	359.58
bta-miR-345-5p	0.00	bta-mir-345	0.00	0	0	0	0	0	0
bta-miR-345-3p	0.00	bta-mir-345	0.00	0	0	0	0	0	0
bta-miR-346	0.00	bta-mir-346	0.00	0	0	0	0	0	0
bta-miR-34a	0.00	bta-mir-34a	0.00	0	0	0	0	0	0
bta-miR-34b	56.00	bta-mir-34b	56.00	21.00	15.00	20.00	6932.98	4279.60	7191.66
bta-miR-34c	614.00	bta-mir-34c	614.00	195.00	189.00	230.00	64377.68	53922.97	82704.06
bta-miR-3533	0.00	bta-mir-3533	0.00	0	0	0	0	0	0
bta-miR-3578	0.00	bta-mir-3578	0.00	0	0	0	0	0	0
bta-miR-3596	0.00	bta-mir-3596	0.00	0	0	0	0	0	0
bta-miR-3600	0.00	bta-mir-3600	0.00	0	0	0	0	0	0
bta-miR-3601	0.00	bta-mir-3601	0.00	0	0	0	0	0	0
bta-miR-3602	0.00	bta-mir-3602	0.00	0	0	0	0	0	0
bta-miR-3604	0.00	bta-mir-3604-1	0.00	0	0	0	0	0	0
bta-miR-3604	0.00	bta-mir-3604-2	0.00	0	0	0	0	0	0
bta-miR-361	0.00	bta-mir-361	0.00	0	0	0	0	0	0
bta-miR-3613a	0.00	bta-mir-3613a	0.00	0	0	0	0	0	0
bta-miR-3613b	0.00	bta-mir-3613b	0.00	0	0	0	0	0	0
bta-miR-362-5p	1.00	bta-mir-362	1.00	1.00	0	0	330.14	0	0
bta-miR-362-3p	0.00	bta-mir-362	0.00	0	0	0	0	0	0
bta-miR-363	0.00	bta-mir-363	0.00	0	0	0	0	0	0
bta-miR-365-5p	0.00	bta-mir-365-1	0.00	0	0	0	0	0	0
bta-miR-365-3p	0.00	bta-mir-365-1	0.00	0	0	0	0	0	0
bta-miR-365-3p	0.00	bta-mir-365-2	0.00	0	0	0	0	0	0
bta-miR-3660	0.00	bta-mir-3660	0.00	0	0	0	0	0	0
bta-miR-367	0.00	bta-mir-367	0.00	0	0	0	0	0	0
bta-miR-369-5p	0.00	bta-mir-369	0.00	0	0	0	0	0	0
bta-miR-369-3p	0.00	bta-mir-369	0.00	0	0	0	0	0	0
bta-miR-370	0.00	bta-mir-370	0.00	0	0	0	0	0	0
bta-miR-371	0.00	bta-mir-371	0.00	0	0	0	0	0	0
bta-miR-374a	0.00	bta-mir-374a	0.00	0	0	0	0	0	0
bta-miR-374b	0.00	bta-mir-374b	0.00	0	0	0	0	0	0
bta-miR-375	112.00	bta-mir-375	112.00	28.00	53.00	31.00	9243.97	15121.26	11147.07
bta-miR-376a	0.00	bta-mir-376a	0.00	0	0	0	0	0	0
bta-miR-376b	0.00	bta-mir-376b	0.00	0	0	0	0	0	0
bta-miR-376c	0.00	bta-mir-376b	0.00	0	0	0	0	0	0
bta-miR-376c	0.00	bta-mir-376c	0.00	0	0	0	0	0	0
bta-miR-376d	0.00	bta-mir-376d	0.00	0	0	0	0	0	0
bta-miR-376c	0.00	bta-mir-376e	0.00	0	0	0	0	0	0
bta-miR-376e	0.00	bta-mir-376e	0.00	0	0	0	0	0	0
bta-miR-377	0.00	bta-mir-377	0.00	0	0	0	0	0	0
bta-miR-378	3.00	bta-mir-378-1	3.00	1.00	1.00	1.00	330.14	285.31	359.58
bta-miR-378	3.00	bta-mir-378-2	3.00	1.00	1.00	1.00	330.14	285.31	359.58
bta-miR-378b	0.00	bta-mir-378b	0.00	0	0	0	0	0	0
bta-miR-378c	1.00	bta-mir-378c	1.00	1.00	0	0	330.14	0	0
bta-miR-378d	0.00	bta-mir-378d	0.00	0	0	0	0	0	0
bta-miR-379	0.00	bta-mir-379	0.00	0	0	0	0	0	0
bta-miR-380-5p	0.00	bta-mir-380	0.00	0	0	0	0	0	0
bta-miR-380-3p	0.00	bta-mir-380	0.00	0	0	0	0	0	0
bta-miR-381	0.00	bta-mir-381	0.00	0	0	0	0	0	0
bta-miR-382	0.00	bta-mir-382	0.00	0	0	0	0	0	0
bta-miR-383	0.00	bta-mir-383	0.00	0	0	0	0	0	0
bta-miR-3956	1.00	bta-mir-3956	1.00	0	0	1.00	0	0	359.58
bta-miR-3957	0.00	bta-mir-3957	0.00	0	0	0	0	0	0
bta-miR-409a	0.00	bta-mir-409a	0.00	0	0	0	0	0	0
bta-miR-409b	0.00	bta-mir-409b	0.00	0	0	0	0	0	0
bta-miR-410	0.00	bta-mir-410	0.00	0	0	0	0	0	0
bta-miR-411a	1.00	bta-mir-411a	1.00	0	1.00	0	0	285.31	0
bta-miR-411b	0.00	bta-mir-411b	0.00	0	0	0	0	0	0
bta-miR-411c-5p	0.00	bta-mir-411c	0.00	0	0	0	0	0	0
bta-miR-411c-3p	0.00	bta-mir-411c	0.00	0	0	0	0	0	0
bta-miR-412	0.00	bta-mir-412	0.00	0	0	0	0	0	0
bta-miR-421	0.00	bta-mir-421	0.00	0	0	0	0	0	0
bta-miR-423-5p	4.00	bta-mir-423	4.00	0	3.00	1.00	0	855.92	359.58
bta-miR-423-3p	1.00	bta-mir-423	1.00	1.00	0	0	330.14	0	0
bta-miR-424-5p	0.00	bta-mir-424	0.00	0	0	0	0	0	0
bta-miR-424-3p	0.00	bta-mir-424	0.00	0	0	0	0	0	0
bta-miR-425-5p	74.00	bta-mir-425	74.00	21.00	28.00	25.00	6932.98	7988.59	8989.57
bta-miR-425-3p	0.00	bta-mir-425	0.00	0	0	0	0	0	0
bta-miR-4286	0.00	bta-mir-4286-1	0.00	0	0	0	0	0	0
bta-miR-4286	0.00	bta-mir-4286-2	0.00	0	0	0	0	0	0
bta-miR-429	0.00	bta-mir-429	0.00	0	0	0	0	0	0
bta-miR-431	0.00	bta-mir-431	0.00	0	0	0	0	0	0
bta-miR-432	0.00	bta-mir-432	0.00	0	0	0	0	0	0
bta-miR-433	0.00	bta-mir-433	0.00	0	0	0	0	0	0
bta-miR-4444	0.00	bta-mir-4444	0.00	0	0	0	0	0	0
bta-miR-4449	0.00	bta-mir-4449	0.00	0	0	0	0	0	0
bta-miR-448	0.00	bta-mir-448	0.00	0	0	0	0	0	0
bta-miR-449a	29.00	bta-mir-449a	29.00	7.00	10.00	12.00	2310.99	2853.07	4314.99
bta-miR-449b	0.00	bta-mir-449b	0.00	0	0	0	0	0	0
bta-miR-449c	0.00	bta-mir-449c	0.00	0	0	0	0	0	0
bta-miR-449d	0.00	bta-mir-449d	0.00	0	0	0	0	0	0
bta-miR-450a	0.00	bta-mir-450a-1	0.00	0	0	0	0	0	0
bta-miR-450a	0.00	bta-mir-450a-2	0.00	0	0	0	0	0	0
bta-miR-450b	1.00	bta-mir-450b	1.00	1.00	0	0	330.14	0	0
bta-miR-451	1.00	bta-mir-451	1.00	0	1.00	0	0	285.31	0
bta-miR-452	0.00	bta-mir-452	0.00	0	0	0	0	0	0
bta-miR-4523	0.00	bta-mir-4523	0.00	0	0	0	0	0	0
bta-miR-453	0.00	bta-mir-453	0.00	0	0	0	0	0	0
bta-miR-454	0.00	bta-mir-454	0.00	0	0	0	0	0	0
bta-miR-455-5p	0.00	bta-mir-455	0.00	0	0	0	0	0	0
bta-miR-455-3p	0.00	bta-mir-455	0.00	0	0	0	0	0	0
bta-miR-4657	0.00	bta-mir-4657	0.00	0	0	0	0	0	0
bta-miR-4680	0.00	bta-mir-4680	0.00	0	0	0	0	0	0
bta-miR-483	0.00	bta-mir-483	0.00	0	0	0	0	0	0
bta-miR-484	0.00	bta-mir-484	0.00	0	0	0	0	0	0
bta-miR-485	0.00	bta-mir-485	0.00	0	0	0	0	0	0
bta-miR-486	0.00	bta-mir-486	0.00	0	0	0	0	0	0
bta-miR-487a	0.00	bta-mir-487a	0.00	0	0	0	0	0	0
bta-miR-487b	0.00	bta-mir-487b	0.00	0	0	0	0	0	0
bta-miR-488	0.00	bta-mir-488	0.00	0	0	0	0	0	0
bta-miR-489	0.00	bta-mir-489	0.00	0	0	0	0	0	0
bta-miR-490	0.00	bta-mir-490	0.00	0	0	0	0	0	0
bta-miR-491	0.00	bta-mir-491	0.00	0	0	0	0	0	0
bta-miR-493	0.00	bta-mir-493	0.00	0	0	0	0	0	0
bta-miR-494	0.00	bta-mir-494	0.00	0	0	0	0	0	0
bta-miR-495	6.00	bta-mir-495	6.00	2.00	4.00	0	660.28	1141.23	0
bta-miR-496	0.00	bta-mir-496	0.00	0	0	0	0	0	0
bta-miR-497	0.00	bta-mir-497	0.00	0	0	0	0	0	0
bta-miR-499	0.00	bta-mir-499	0.00	0	0	0	0	0	0
bta-miR-500	0.00	bta-mir-500	0.00	0	0	0	0	0	0
bta-miR-502a	0.00	bta-mir-502a-1	0.00	0	0	0	0	0	0
bta-miR-502a	0.00	bta-mir-502a-2	0.00	0	0	0	0	0	0
bta-miR-502b	0.00	bta-mir-502b	0.00	0	0	0	0	0	0
bta-miR-503-5p	0.00	bta-mir-503	0.00	0	0	0	0	0	0
bta-miR-503-3p	0.00	bta-mir-503	0.00	0	0	0	0	0	0
bta-miR-504	0.00	bta-mir-504	0.00	0	0	0	0	0	0
bta-miR-505	0.00	bta-mir-505	0.00	0	0	0	0	0	0
bta-miR-532	1.00	bta-mir-532	1.00	0	1.00	0	0	285.31	0
bta-miR-539	0.00	bta-mir-539	0.00	0	0	0	0	0	0
bta-miR-541	0.00	bta-mir-541	0.00	0	0	0	0	0	0
bta-miR-542-5p	0.00	bta-mir-542	0.00	0	0	0	0	0	0
bta-miR-543	7.00	bta-mir-543	7.00	2.00	5.00	0	660.28	1426.53	0
bta-miR-544a	0.00	bta-mir-544a	0.00	0	0	0	0	0	0
bta-miR-544b	0.00	bta-mir-544b-1	0.00	0	0	0	0	0	0
bta-miR-544b	0.00	bta-mir-544b-2	0.00	0	0	0	0	0	0
bta-miR-545-5p	0.00	bta-mir-545	0.00	0	0	0	0	0	0
bta-miR-545-3p	0.00	bta-mir-545	0.00	0	0	0	0	0	0
bta-miR-551a	0.00	bta-mir-551a	0.00	0	0	0	0	0	0
bta-miR-551b	0.00	bta-mir-551b	0.00	0	0	0	0	0	0
bta-miR-562	0.00	bta-mir-562	0.00	0	0	0	0	0	0
bta-miR-568	0.00	bta-mir-568	0.00	0	0	0	0	0	0
bta-miR-574	0.00	bta-mir-574	0.00	0	0	0	0	0	0
bta-miR-582	0.00	bta-mir-582	0.00	0	0	0	0	0	0
bta-miR-584	0.00	bta-mir-584-1	0.00	0	0	0	0	0	0
bta-miR-584	0.00	bta-mir-584-2	0.00	0	0	0	0	0	0
bta-miR-584	0.00	bta-mir-584-3	0.00	0	0	0	0	0	0
bta-miR-584	0.00	bta-mir-584-4	0.00	0	0	0	0	0	0
bta-miR-584	0.00	bta-mir-584-5	0.00	0	0	0	0	0	0
bta-miR-584	0.00	bta-mir-584-6	0.00	0	0	0	0	0	0
bta-miR-584	0.00	bta-mir-584-7	0.00	0	0	0	0	0	0
bta-miR-584	0.00	bta-mir-584-8	0.00	0	0	0	0	0	0
bta-miR-592	0.00	bta-mir-592	0.00	0	0	0	0	0	0
bta-miR-599	0.00	bta-mir-599	0.00	0	0	0	0	0	0
bta-miR-6119-5p	0.00	bta-mir-6119	0.00	0	0	0	0	0	0
bta-miR-6119-3p	0.00	bta-mir-6119	0.00	0	0	0	0	0	0
bta-miR-6120-5p	0.00	bta-mir-6120	0.00	0	0	0	0	0	0
bta-miR-6120-3p	6.00	bta-mir-6120	6.00	3.00	2.00	1.00	990.43	570.61	359.58
bta-miR-6121-5p	0.00	bta-mir-6121	0.00	0	0	0	0	0	0
bta-miR-6121-3p	0.00	bta-mir-6121	0.00	0	0	0	0	0	0
bta-miR-6122-5p	0.00	bta-mir-6122	0.00	0	0	0	0	0	0
bta-miR-6122-3p	0.00	bta-mir-6122	0.00	0	0	0	0	0	0
bta-miR-6123	0.00	bta-mir-6123	0.00	0	0	0	0	0	0
bta-miR-615	0.00	bta-mir-615	0.00	0	0	0	0	0	0
bta-miR-628	0.00	bta-mir-628	0.00	0	0	0	0	0	0
bta-miR-631	0.00	bta-mir-631	0.00	0	0	0	0	0	0
bta-miR-6516	0.00	bta-mir-6516	0.00	0	0	0	0	0	0
bta-miR-6517	0.00	bta-mir-6517	0.00	0	0	0	0	0	0
bta-miR-6518	0.00	bta-mir-6518	0.00	0	0	0	0	0	0
bta-miR-6519	0.00	bta-mir-6519	0.00	0	0	0	0	0	0
bta-miR-652	0.00	bta-mir-652	0.00	0	0	0	0	0	0
bta-miR-6520	1.00	bta-mir-6520	1.00	0	0	1.00	0	0	359.58
bta-miR-6521	0.00	bta-mir-6521	0.00	0	0	0	0	0	0
bta-miR-6522	1.00	bta-mir-6522	1.00	0	1.00	0	0	285.31	0
bta-miR-6523a	0.00	bta-mir-6523a	0.00	0	0	0	0	0	0
bta-miR-6523b	0.00	bta-mir-6523b	0.00	0	0	0	0	0	0
bta-miR-6524	1.00	bta-mir-6524	1.00	0	1.00	0	0	285.31	0
bta-miR-6525	0.00	bta-mir-6525	0.00	0	0	0	0	0	0
bta-miR-6526	4.00	bta-mir-6526-1	4.00	3.00	1.00	0	990.43	285.31	0
bta-miR-6526	4.00	bta-mir-6526-2	4.00	3.00	1.00	0	990.43	285.31	0
bta-miR-6526	4.00	bta-mir-6526-3	4.00	3.00	1.00	0	990.43	285.31	0
bta-miR-6527	0.00	bta-mir-6527	0.00	0	0	0	0	0	0
bta-miR-6528	0.00	bta-mir-6528	0.00	0	0	0	0	0	0
bta-miR-6529a	10.00	bta-mir-6529a	10.00	3.00	2.00	5.00	990.43	570.61	1797.91
bta-miR-6529b	0.00	bta-mir-6529b	0.00	0	0	0	0	0	0
bta-miR-653	0.00	bta-mir-653	0.00	0	0	0	0	0	0
bta-miR-6530	0.00	bta-mir-6530	0.00	0	0	0	0	0	0
bta-miR-6531	0.00	bta-mir-6531	0.00	0	0	0	0	0	0
bta-miR-6532	0.00	bta-mir-6532	0.00	0	0	0	0	0	0
bta-miR-6533	0.00	bta-mir-6533	0.00	0	0	0	0	0	0
bta-miR-6534	0.00	bta-mir-6534	0.00	0	0	0	0	0	0
bta-miR-6535	0.00	bta-mir-6535	0.00	0	0	0	0	0	0
bta-miR-6536	0.00	bta-mir-6536-1	0.00	0	0	0	0	0	0
bta-miR-6536	0.00	bta-mir-6536-2	0.00	0	0	0	0	0	0
bta-miR-654	0.00	bta-mir-654	0.00	0	0	0	0	0	0
bta-miR-655	0.00	bta-mir-655	0.00	0	0	0	0	0	0
bta-miR-656	0.00	bta-mir-656	0.00	0	0	0	0	0	0
bta-miR-658	0.00	bta-mir-658	0.00	0	0	0	0	0	0
bta-miR-660	8.00	bta-mir-660	8.00	3.00	3.00	2.00	990.43	855.92	719.17
bta-miR-664a	0.00	bta-mir-664a	0.00	0	0	0	0	0	0
bta-miR-664b	2.00	bta-mir-664b	2.00	0	1.00	1.00	0	285.31	359.58
bta-miR-665	0.00	bta-mir-665	0.00	0	0	0	0	0	0
bta-miR-669	0.00	bta-mir-669	0.00	0	0	0	0	0	0
bta-miR-670	0.00	bta-mir-670	0.00	0	0	0	0	0	0
bta-miR-671	0.00	bta-mir-671	0.00	0	0	0	0	0	0
bta-miR-677	0.00	bta-mir-677	0.00	0	0	0	0	0	0
bta-miR-7	227.00	bta-mir-7-1	227.00	99.00	76.00	52.00	32684.05	21683.31	18698.31
bta-miR-7	234.00	bta-mir-7-2	234.00	102.00	77.00	55.00	33674.48	21968.62	19777.06
bta-miR-7	227.00	bta-mir-7-3	227.00	99.00	76.00	52.00	32684.05	21683.31	18698.31
bta-miR-708	0.00	bta-mir-708	0.00	0	0	0	0	0	0
bta-miR-744	0.00	bta-mir-744	0.00	0	0	0	0	0	0
bta-miR-758	0.00	bta-mir-758	0.00	0	0	0	0	0	0
bta-miR-759	0.00	bta-mir-759	0.00	0	0	0	0	0	0
bta-miR-760-5p	0.00	bta-mir-760	0.00	0	0	0	0	0	0
bta-miR-760-3p	2.00	bta-mir-760	2.00	0	1.00	1.00	0	285.31	359.58
bta-miR-761	0.00	bta-mir-761	0.00	0	0	0	0	0	0
bta-miR-763	0.00	bta-mir-763	0.00	0	0	0	0	0	0
bta-miR-764	0.00	bta-mir-764	0.00	0	0	0	0	0	0
bta-miR-767	1.00	bta-mir-767	1.00	0	1.00	0	0	285.31	0
bta-miR-769	0.00	bta-mir-769	0.00	0	0	0	0	0	0
bta-miR-7691	0.00	bta-mir-7691	0.00	0	0	0	0	0	0
bta-miR-7857	0.00	bta-mir-7857	0.00	0	0	0	0	0	0
bta-miR-7858	0.00	bta-mir-7858	0.00	0	0	0	0	0	0
bta-miR-7859	3.00	bta-mir-7859	3.00	1.00	1.00	1.00	330.14	285.31	359.58
bta-miR-7860	0.00	bta-mir-7860	0.00	0	0	0	0	0	0
bta-miR-7861	0.00	bta-mir-7861	0.00	0	0	0	0	0	0
bta-miR-7862	0.00	bta-mir-7862	0.00	0	0	0	0	0	0
bta-miR-7863	0.00	bta-mir-7863	0.00	0	0	0	0	0	0
bta-miR-7864	0.00	bta-mir-7864	0.00	0	0	0	0	0	0
bta-miR-7865	0.00	bta-mir-7865	0.00	0	0	0	0	0	0
bta-miR-8550	0.00	bta-mir-8550	0.00	0	0	0	0	0	0
bta-miR-873	0.00	bta-mir-873	0.00	0	0	0	0	0	0
bta-miR-874	0.00	bta-mir-874	0.00	0	0	0	0	0	0
bta-miR-875	0.00	bta-mir-875	0.00	0	0	0	0	0	0
bta-miR-876	0.00	bta-mir-876	0.00	0	0	0	0	0	0
bta-miR-877	0.00	bta-mir-877	0.00	0	0	0	0	0	0
bta-miR-885	0.00	bta-mir-885	0.00	0	0	0	0	0	0
bta-miR-9-5p	18.00	bta-mir-9-1	18.00	4.00	8.00	6.00	1320.57	2282.45	2157.50
bta-miR-9-3p	0.00	bta-mir-9-1	0.00	0	0	0	0	0	0
bta-miR-9-5p	18.00	bta-mir-9-2	18.00	4.00	8.00	6.00	1320.57	2282.45	2157.50
bta-miR-9-3p	0.00	bta-mir-9-2	0.00	0	0	0	0	0	0
bta-miR-92a	1.00	bta-mir-92a-1	1.00	0	0	1.00	0	0	359.58
bta-miR-92a	1.00	bta-mir-92a-2	1.00	0	0	1.00	0	0	359.58
bta-miR-92b	0.00	bta-mir-92b	0.00	0	0	0	0	0	0
bta-miR-93	32.00	bta-mir-93	32.00	9.00	13.00	10.00	2971.28	3708.99	3595.83
bta-miR-935	0.00	bta-mir-935	0.00	0	0	0	0	0	0
bta-miR-940	0.00	bta-mir-940	0.00	0	0	0	0	0	0
bta-miR-95	4.00	bta-mir-95	4.00	3.00	0	1.00	990.43	0	359.58
bta-miR-96	0.00	bta-mir-96	0.00	0	0	0	0	0	0
bta-miR-98	0.00	bta-mir-98	0.00	0	0	0	0	0	0
bta-miR-99a-5p	160.00	bta-mir-99a	160.00	49.00	55.00	56.00	16176.96	15691.87	20136.64
bta-miR-99a-3p	0.00	bta-mir-99a	0.00	0	0	0	0	0	0
bta-miR-99b	3.00	bta-mir-99b	3.00	1.00	2.00	0	330.14	570.61	0
